,Date,Open,High,Low,Close,Adj Close,Volume
471,2017-05-23,62.091999,62.146,60.695999,60.771999,60.771999,21592000
509,2017-07-18,63.5,65.825996,63.132,65.648003,65.648003,31868500
458,2017-05-04,61.487999,61.554001,58.152,59.091999,59.091999,70760000
126,2016-01-08,43.571999,44.088001,42.153999,42.200001,42.200001,18140500
112,2015-12-17,46.787998,47.551998,45.962002,46.678001,46.678001,16493000
977,2019-05-29,37.419998,38.478001,37.007999,37.972,37.972,59843000
1216,2020-05-08,158.753998,164.800003,157.401993,163.884003,163.884003,80432500
113,2015-12-18,46.577999,47.18,45.858002,46.091999,46.091999,15071000
609,2017-12-07,62.400002,63.726002,62.209999,62.248001,62.248001,23903000
1129,2020-01-03,88.099998,90.800003,87.384003,88.601997,88.601997,88892500
753,2018-07-06,60.990002,62.414001,60.400002,61.779999,61.779999,44327500
447,2017-04-19,60.492001,61.324001,60.422001,61.104,61.104,19490000
894,2019-01-29,59.054001,59.712002,58.360001,59.492001,59.492001,23108500
1068,2019-10-07,45.959999,47.712002,45.709999,47.543999,47.543999,40321000
1096,2019-11-14,69.222,70.767998,68.582001,69.870003,69.870003,32324500
220,2016-05-24,43.32,43.748001,43.035999,43.582001,43.582001,15069000
788,2018-08-24,64.139999,64.769997,63.880001,64.564003,64.564003,18013000
561,2017-09-29,68.372002,68.935997,67.720001,68.220001,68.220001,25535500
485,2017-06-13,73.524002,75.199997,73.321999,75.190002,75.190002,59039500
613,2017-12-13,68.185997,68.844002,67.300003,67.806,67.806,31107500
1069,2019-10-08,47.174,48.787998,46.900002,48.009998,48.009998,43391000
1115,2019-12-12,70.984001,72.547997,70.646004,71.935997,71.935997,38819500
1168,2020-03-02,142.251999,148.738007,137.334,148.723999,148.723999,100975000
423,2017-03-15,51.400002,52.200001,50.854,51.146,51.146,26654000
226,2016-06-02,43.917999,43.981998,43.422001,43.792,43.792,10164000
1255,2020-07-06,255.337997,275.558014,253.207993,274.31601,274.31601,102849500
523,2017-08-07,71.470001,71.896004,70.550003,71.033997,71.033997,31622500
785,2018-08-21,62.122002,64.958,61.799999,64.379997,64.379997,65861000
726,2018-05-29,55.702,57.299999,55.23,56.751999,56.751999,28333000
914,2019-02-27,60.355999,63.259998,60.110001,62.948002,62.948002,55919500
1209,2020-04-29,158.033997,160.639999,156.632004,160.102005,160.102005,81080000
953,2019-04-24,52.77,53.063999,51.599998,51.731998,51.731998,53637500
334,2016-11-03,37.799999,38.293999,37.408001,37.484001,37.484001,13265000
701,2018-04-23,58.257999,58.324001,56.466,56.674,56.674,24467000
22,2015-08-11,47.43,47.860001,46.888,47.473999,47.473999,21324500
3,2015-07-15,53.348,53.498001,52.416,52.627998,52.627998,10108000
38,2015-09-02,49.060001,49.576,47.956001,49.537998,49.537998,23146000
909,2019-02-20,60.882,61.259998,59.799999,60.512001,60.512001,35710500
253,2016-07-12,44.82,45.5,44.644001,44.93,44.93,22856500
533,2017-08-21,69.164001,69.164001,66.370003,67.571999,67.571999,32477000
100,2015-12-01,46.212002,47.599998,46.209999,47.438,47.438,18670000
461,2017-05-09,61.875999,64.398003,61.82,64.251999,64.251999,48382500
975,2019-05-24,39.966,39.995998,37.75,38.125999,38.125999,70683000
1164,2020-02-25,169.800003,171.320007,157.399994,159.981995,159.981995,86452500
958,2019-05-01,47.77,48.0,46.299999,46.801998,46.801998,53522000
89,2015-11-13,42.59,42.598,41.304001,41.438,41.438,17151500
830,2018-10-24,60.209999,60.888,57.146,57.700001,57.700001,100291500
769,2018-07-30,59.18,59.220001,57.226002,58.034,58.034,34070500
134,2016-01-21,40.310001,40.646,39.004002,39.993999,39.993999,15831000
281,2016-08-19,44.708,45.034,44.506001,45.0,45.0,8297500
1033,2019-08-16,43.332001,44.448002,43.203999,43.987999,43.987999,25492500
322,2016-10-18,39.198002,39.894001,38.652,39.82,39.82,28402500
682,2018-03-26,61.467999,61.518002,58.271999,60.835999,60.835999,41876000
752,2018-07-05,62.751999,62.877998,59.243999,61.832001,61.832001,87382000
990,2019-06-17,43.096001,45.400002,42.854,45.006001,45.006001,61584000
616,2017-12-18,68.980003,69.346001,67.515999,67.774002,67.774002,27381000
74,2015-10-23,43.0,43.07,41.537998,41.818001,41.818001,21177500
741,2018-06-19,73.031998,74.0,69.25,70.510002,70.510002,63809500
865,2018-12-14,75.0,75.573997,72.865997,73.141998,73.141998,31688000
57,2015-09-30,50.400002,50.48,48.467999,49.68,49.68,24648000
69,2015-10-16,44.608002,46.096001,44.574001,45.402,45.402,21672500
62,2015-10-07,47.326,47.540001,45.824001,46.391998,46.391998,34070000
199,2016-04-25,50.602001,51.476002,50.152,50.363998,50.363998,18351500
402,2017-02-13,54.147999,56.158001,54.102001,56.119999,56.119999,35148000
222,2016-05-26,44.099998,45.051998,43.810001,45.023998,45.023998,20362000
972,2019-05-21,39.551998,41.48,39.208,41.015999,41.015999,90019500
1145,2020-01-28,113.697998,115.362,111.615997,113.379997,113.379997,58942500
1085,2019-10-30,62.599998,63.757999,61.993999,63.001999,63.001999,48209000
941,2019-04-05,53.972,55.220001,53.222,54.992001,54.992001,65191500
640,2018-01-24,70.916,70.949997,68.704002,69.178001,69.178001,26437500
349,2016-11-25,38.728001,39.448002,38.728001,39.330002,39.330002,11830500
104,2015-12-07,45.540001,47.125999,45.23,46.226002,46.226002,15721000
802,2018-09-14,57.751999,59.466,57.304001,59.040001,59.040001,33828000
968,2019-05-15,45.863998,46.487999,45.049999,46.389999,46.389999,36480000
371,2016-12-28,44.306,44.759998,43.439999,43.948002,43.948002,18912500
1223,2020-05-19,163.033997,164.414001,161.216003,161.602005,161.602005,48182500
382,2017-01-13,46.0,47.57,45.917999,47.549999,47.549999,30465000
1169,2020-03-03,161.0,161.395996,143.222,149.102005,149.102005,128920000
567,2017-10-09,69.93,70.349998,68.533997,68.587997,68.587997,37468500
660,2018-02-22,67.106003,69.487999,66.949997,69.234001,69.234001,34849000
955,2019-04-26,49.299999,49.335999,46.226002,47.028,47.028,111803500
516,2017-07-27,69.199997,69.5,65.258003,66.891998,66.891998,41512000
439,2017-04-06,59.375999,60.388,58.82,59.740002,59.740002,27603000
111,2015-12-16,44.419998,46.976002,44.146,46.902,46.902,25521500
900,2019-02-06,63.917999,64.848,63.124001,63.444,63.444,25192500
54,2015-09-25,53.321999,53.382,51.23,51.382,51.382,18867000
539,2017-08-29,67.896004,69.809998,67.75,69.472,69.472,20368500
774,2018-08-06,69.092003,70.996002,68.363998,68.398003,68.398003,42821500
82,2015-11-04,45.400002,46.548,45.040001,46.326,46.326,63632000
421,2017-03-13,48.964001,49.369999,48.556,49.234001,49.234001,15113000
18,2015-08-05,52.716,54.200001,52.080002,54.026001,54.026001,31071500
1048,2019-09-09,46.0,46.751999,45.846001,46.358002,46.358002,24013500
213,2016-05-13,41.556,42.240002,41.34,41.521999,41.521999,14114000
546,2017-09-08,69.797997,69.956001,68.459999,68.68,68.68,16317500
386,2017-01-20,49.091999,49.200001,48.602001,48.945999,48.945999,21021500
254,2016-07-13,45.099998,45.118,44.057999,44.506001,44.506001,17835500
531,2017-08-17,72.241997,72.660004,70.318001,70.384003,70.384003,25138500
98,2015-11-27,46.212002,46.450001,45.402,46.321999,46.321999,9747000
176,2016-03-22,47.442001,47.798,46.512001,46.848,46.848,21580000
288,2016-08-30,43.222,43.222,42.104,42.268002,42.268002,15844500
707,2018-05-01,58.702,60.164001,58.644001,59.984001,59.984001,23128000
395,2017-02-02,49.667999,50.484001,49.542,50.310001,50.310001,12499000
52,2015-09-23,52.389999,52.416,51.515999,52.212002,52.212002,13004000
933,2019-03-26,52.888,54.051998,52.886002,53.554001,53.554001,36754500
1155,2020-02-11,153.757996,156.701996,151.600006,154.876007,154.876007,58487500
843,2018-11-12,69.674004,69.956001,66.068001,66.255997,66.255997,34707500
1087,2019-11-01,63.264,63.296001,61.959999,62.661999,62.661999,31919500
426,2017-03-20,52.119999,52.91,51.764,52.383999,52.383999,18071500
10,2015-07-24,53.476002,54.217999,52.784,53.082001,53.082001,14182500
412,2017-02-28,48.838001,50.200001,48.779999,49.998001,49.998001,30390500
878,2019-01-04,61.200001,63.599998,60.546001,63.537998,63.537998,36970500
520,2017-08-02,63.787998,65.424004,62.243999,65.178001,65.178001,65457500
110,2015-12-15,44.363998,44.444,43.599998,44.217999,44.217999,11222000
1020,2019-07-30,46.580002,48.672001,46.436001,48.452,48.452,40545000
610,2017-12-08,62.919998,63.396,62.251999,63.026001,63.026001,17342500
228,2016-06-06,43.599998,44.18,43.09,44.136002,44.136002,11247500
156,2016-02-23,35.231998,36.346001,34.736,35.442001,35.442001,29922000
33,2015-08-26,45.585999,45.599998,43.102001,44.967999,44.967999,24815000
1076,2019-10-17,52.5,52.956001,52.034,52.394001,52.394001,23846500
1098,2019-11-18,70.584,70.629997,69.220001,69.998001,69.998001,22002000
23,2015-08-12,47.0,47.953999,46.548,47.633999,47.633999,18640000
601,2017-11-27,62.650002,63.467999,61.902,63.362,63.362,22779500
417,2017-03-07,50.383999,50.778,49.664001,49.717999,49.717999,17297500
28,2015-08-19,52.066002,52.130001,51.004002,51.049999,51.049999,18021500
964,2019-05-09,48.400002,48.736,47.388,48.396,48.396,33557000
709,2018-05-03,55.757999,57.608002,55.046001,56.889999,56.889999,86760500
498,2017-06-30,72.741997,73.353996,71.924004,72.321999,72.321999,29242500
822,2018-10-12,52.200001,52.397999,50.402,51.756001,51.756001,36007000
1144,2020-01-27,108.398003,112.888,107.856003,111.603996,111.603996,68040500
927,2019-03-18,55.200001,55.610001,53.459999,53.897999,53.897999,51405000
887,2019-01-17,69.241997,70.300003,68.830002,69.461998,69.461998,18383500
146,2016-02-08,31.42,31.43,29.200001,29.598,29.598,46565000
1258,2020-07-09,279.39801,281.712006,270.256012,278.855988,278.855988,58588000
1173,2020-03-09,121.078003,132.600006,121.0,121.599998,121.599998,85368500
460,2017-05-08,62.18,62.757999,61.164001,61.438,61.438,35032500
450,2017-04-24,61.844002,62.110001,61.203999,61.605999,61.605999,25417500
234,2016-06-14,43.776001,44.439999,42.506001,42.992001,42.992001,17901000
303,2016-09-21,41.273998,41.400002,40.312,41.043999,41.043999,13167500
583,2017-10-31,64.045998,66.389999,64.036003,66.306,66.306,28361500
132,2016-01-19,41.742001,42.094002,40.155998,40.944,40.944,20193500
983,2019-06-06,40.888,42.200001,40.360001,41.189999,41.189999,101211000
1228,2020-05-27,164.171997,165.542007,157.0,164.046005,164.046005,57747500
88,2015-11-12,43.57,43.799999,42.532001,42.588001,42.588001,14579500
683,2018-03-27,60.799999,60.854,55.436001,55.835999,55.835999,69360000
292,2016-09-06,39.804001,40.650002,39.799999,40.566002,40.566002,21953000
205,2016-05-03,47.472,47.782001,46.324001,46.464001,46.464001,21511000
711,2018-05-07,59.5,61.192001,59.034,60.554001,60.554001,43391000
1197,2020-04-13,118.031998,130.399994,116.106003,130.190002,130.190002,112377000
125,2016-01-07,42.838001,43.688,42.734001,43.130001,43.130001,17771500
1207,2020-04-27,147.522003,159.897995,147.0,159.75,159.75,103407000
90,2015-11-16,41.217999,42.995998,41.16,42.862,42.862,14627000
576,2017-10-20,70.538002,70.910004,68.867996,69.019997,69.019997,24652000
77,2015-10-28,42.262001,42.689999,41.66,42.591999,42.591999,13643000
321,2016-10-17,39.41,39.678001,38.400002,38.792,38.792,22770500
744,2018-06-22,70.307999,70.449997,66.400002,66.725998,66.725998,51330500
636,2018-01-18,69.134003,70.459999,68.748001,68.914001,68.914001,28429000
705,2018-04-27,57.074001,58.894001,56.765999,58.816002,58.816002,21823000
507,2017-07-14,64.638,65.683998,64.244003,65.556,65.556,28126000
809,2018-09-25,60.0,60.919998,59.299999,60.198002,60.198002,22408500
638,2018-01-22,69.879997,71.566002,69.839996,70.311996,70.311996,31052000
857,2018-12-03,72.0,73.199997,70.400002,71.697998,71.697998,41532500
224,2016-05-31,44.608002,44.950001,44.299999,44.646,44.646,13945000
611,2017-12-11,62.925999,65.802002,62.75,65.781998,65.781998,39690000
63,2015-10-08,46.015999,46.144001,44.262001,45.344002,45.344002,30666000
407,2017-02-21,55.09,56.279999,54.801998,55.478001,55.478001,28383500
1019,2019-07-29,45.417999,47.188,45.206001,47.153999,47.153999,46366500
863,2018-12-12,73.884003,74.382004,73.031998,73.32,73.32,25135000
1189,2020-03-31,100.25,108.592003,99.400002,104.800003,104.800003,88857500
375,2017-01-04,42.950001,45.599998,42.862,45.397999,45.397999,56067500
355,2016-12-05,36.501999,37.778,36.501999,37.360001,37.360001,20361000
775,2018-08-07,68.767998,77.491997,67.830002,75.914001,75.914001,154379000
654,2018-02-13,63.004002,64.837997,62.501999,64.732002,64.732002,22801000
420,2017-03-10,49.242001,49.299999,48.599998,48.737999,48.737999,15331500
51,2015-09-22,51.806,52.529999,51.174,52.188,52.188,18322000
779,2018-08-13,72.225998,72.638,69.804001,71.281998,71.281998,52319500
880,2019-01-08,68.391998,68.802002,65.403999,67.07,67.07,35042500
298,2016-09-14,39.150002,39.584,38.972,39.282001,39.282001,11272500
401,2017-02-10,53.958,54.189999,53.222,53.846001,53.846001,18098500
839,2018-11-06,67.814003,69.760002,67.218002,68.211998,68.211998,33814500
159,2016-02-26,37.740002,38.400002,37.0,38.068001,38.068001,30325500
24,2015-08-13,47.972,49.296001,47.824001,48.501999,48.501999,23446000
895,2019-01-30,60.09,61.799999,59.698002,61.754002,61.754002,56251500
672,2018-03-12,65.722,69.442001,65.300003,69.101997,69.101997,41320000
1037,2019-08-22,44.560001,45.080002,43.644001,44.43,44.43,32795000
124,2016-01-06,44.0,44.009998,43.195999,43.807999,43.807999,18895500
1118,2019-12-17,75.797997,77.099998,75.18,75.797997,75.797997,42484000
593,2017-11-14,63.0,63.27,61.380001,61.740002,61.740002,28380500
109,2015-12-14,43.501999,44.183998,42.973999,43.716,43.716,14135500
278,2016-08-16,45.098,45.438,44.681999,44.722,44.722,11335500
617,2017-12-19,68.052002,68.297997,66.059998,66.220001,66.220001,34125000
585,2017-11-02,60.026001,61.737999,58.526001,59.852001,59.852001,98957000
557,2017-09-25,70.629997,71.494003,68.575996,68.998001,68.998001,38029500
477,2017-06-01,68.800003,68.975998,67.458,68.073997,68.073997,38040000
451,2017-04-25,61.599998,62.796001,61.172001,62.757999,62.757999,33688500
272,2016-08-08,45.599998,45.919998,45.217999,45.231998,45.231998,11318000
80,2015-11-02,41.784,43.16,41.444,42.757999,42.757999,19639500
920,2019-03-07,55.768002,56.939999,54.849998,55.318001,55.318001,47212500
948,2019-04-16,53.150002,55.0,52.944,54.672001,54.672001,36364500
770,2018-07-31,58.450001,59.664001,57.813999,59.627998,59.627998,25384500
329,2016-10-27,42.268002,42.740002,40.330002,40.801998,40.801998,65468500
1013,2019-07-19,51.138,51.992001,50.924,51.636002,51.636002,35242000
1170,2020-03-04,152.792007,153.304001,144.945999,149.899994,149.899994,75245000
508,2017-07-17,65.108002,65.419998,62.689999,63.914001,63.914001,49384500
181,2016-03-30,47.018002,47.099998,45.299999,45.377998,45.377998,20165000
214,2016-05-16,41.630001,42.630001,41.584,41.658001,41.658001,14747000
1030,2019-08-13,45.762001,47.200001,45.509998,47.0,47.0,24240500
862,2018-12-11,73.982002,74.433998,72.045998,73.351997,73.351997,31544000
787,2018-08-23,63.827999,65.463997,63.619999,64.019997,64.019997,25736500
285,2016-08-25,44.622002,44.759998,44.153999,44.192001,44.192001,8812500
694,2018-04-12,60.464001,60.790001,58.736,58.816002,58.816002,38044000
419,2017-03-09,49.526001,49.731998,48.599998,48.98,48.98,19396500
552,2017-09-18,76.050003,77.921997,75.536003,77.0,77.0,35940000
921,2019-03-08,55.382,57.118,55.178001,56.827999,56.827999,44098000
931,2019-03-22,54.515999,54.560001,52.799999,52.905998,52.905998,43728000
761,2018-07-18,65.0,65.099998,63.25,64.769997,64.769997,28121000
242,2016-06-24,38.009998,39.023998,37.945999,38.630001,38.630001,35132500
803,2018-09-17,58.007999,60.174,57.625999,58.967999,58.967999,34438000
422,2017-03-14,49.222,51.624001,49.203999,51.599998,51.599998,37992000
698,2018-04-18,58.216,60.048,57.632,58.669998,58.669998,32788500
107,2015-12-10,44.942001,45.698002,44.728001,45.414001,45.414001,10358500
1237,2020-06-09,188.001999,190.888,184.785995,188.134003,188.134003,56941000
484,2017-06-12,71.598,72.900002,70.124001,71.802002,71.802002,52588500
556,2017-09-22,73.297997,73.980003,70.176003,70.218002,70.218002,40797000
496,2017-06-28,73.335999,74.348,72.503998,74.248001,74.248001,31512500
503,2017-07-10,62.580002,63.588001,60.625999,63.209999,63.209999,69104500
1131,2020-01-07,92.279999,94.325996,90.671997,93.811996,93.811996,89410500
144,2016-02-04,34.139999,35.195999,33.397999,35.066002,35.066002,21927000
946,2019-04-12,54.043999,54.389999,53.366001,53.540001,53.540001,33730000
189,2016-04-11,50.200001,51.798,49.060001,49.984001,49.984001,45808500
341,2016-11-14,37.599998,37.650002,35.638,36.290001,36.290001,32761000
574,2017-10-18,71.194,72.599998,70.825996,71.93,71.93,24695500
1051,2019-09-12,49.540001,50.700001,48.880001,49.174,49.174,42906000
315,2016-10-07,40.200001,40.264,39.16,39.321999,39.321999,17465000
405,2017-02-16,55.52,56.0,53.700001,53.790001,53.790001,35386500
783,2018-08-17,64.699997,65.353996,60.706001,61.099998,61.099998,94793000
1246,2020-06-22,199.990005,201.776001,198.003998,198.863998,198.863998,31812000
639,2018-01-23,72.0,72.099998,70.199997,70.557999,70.557999,27327000
162,2016-03-02,36.745998,37.703999,36.299999,37.667999,37.667999,24312000
493,2017-06-23,76.489998,77.398003,75.870003,76.690002,76.690002,32229000
123,2016-01-05,45.271999,45.377998,44.0,44.686001,44.686001,15934000
643,2018-01-29,67.970001,70.169998,67.655998,69.905998,69.905998,23735500
148,2016-02-10,30.1,30.993999,28.348,28.733999,28.733999,52032500
377,2017-01-06,45.386002,46.062,45.09,45.801998,45.801998,27639500
773,2018-08-03,69.561996,71.0,68.505997,69.634003,69.634003,68282500
923,2019-03-12,57.298,57.613998,56.212002,56.672001,56.672001,37520500
287,2016-08-29,44.029999,44.080002,43.0,43.040001,43.040001,16331500
826,2018-10-18,53.858002,54.200001,52.599998,52.782001,52.782001,27106000
1026,2019-08-07,45.299999,46.714001,45.16,46.683998,46.683998,23882500
227,2016-06-03,44.0,44.388,43.602001,43.798,43.798,11145000
340,2016-11-11,36.848,37.776001,36.599998,37.712002,37.712002,19942500
1183,2020-03-23,86.720001,88.400002,82.099998,86.858002,86.858002,82272500
1191,2020-04-02,96.206001,98.851997,89.279999,90.893997,90.893997,99292000
128,2016-01-12,42.32,42.748001,41.062,41.993999,41.993999,15459500
994,2019-06-21,43.243999,44.436001,43.099998,44.372002,44.372002,41010500
702,2018-04-24,57.0,57.417999,55.692001,56.692001,56.692001,28426500
495,2017-06-27,75.279999,75.279999,72.403999,72.473999,72.473999,34982000
659,2018-02-21,67.206001,67.938004,66.634003,66.660004,66.660004,16098000
105,2015-12-08,45.504002,45.759998,44.84,45.344002,45.344002,13438000
966,2019-05-13,46.402,46.493999,44.900002,45.402,45.402,54174000
545,2017-09-07,69.195999,70.496002,68.690002,70.122002,70.122002,21196000
65,2015-10-12,44.598,44.599998,43.054001,43.116001,43.116001,19181500
891,2019-01-24,56.605999,58.736,55.855999,58.301998,58.301998,40061000
943,2019-04-09,54.330002,55.0,53.922001,54.462002,54.462002,29520000
995,2019-06-24,44.647999,45.172001,44.203999,44.728001,44.728001,28754000
929,2019-03-20,53.938,54.993999,53.259998,54.720001,54.720001,34541000
289,2016-08-31,42.085999,42.52,41.73,42.402,42.402,16382500
1161,2020-02-20,182.389999,182.399994,171.988007,179.882004,179.882004,88174500
578,2017-10-24,67.760002,68.559998,67.232002,67.468002,67.468002,22458500
1124,2019-12-26,85.582001,86.695999,85.269997,86.188004,86.188004,53169500
993,2019-06-20,44.599998,45.380001,43.27,43.924,43.924,59317500
634,2018-01-16,67.508003,69.0,66.959999,68.012001,68.012001,32371500
780,2018-08-14,71.690002,71.839996,69.419998,69.528,69.528,34932000
866,2018-12-17,72.400002,73.139999,68.776001,69.683998,69.683998,38370000
166,2016-03-08,40.700001,41.5,40.439999,40.52,40.52,20893500
475,2017-05-30,65.199997,67.255997,65.152,67.019997,67.019997,38914500
712,2018-05-08,60.16,61.549999,59.799999,60.394001,60.394001,29650000
323,2016-10-19,39.948002,41.332001,39.612,40.712002,40.712002,34956000
525,2017-08-09,72.199997,74.0,71.790001,72.706001,72.706001,34460500
206,2016-05-04,46.057999,46.891998,44.080002,44.512001,44.512001,43502500
534,2017-08-22,68.225998,68.447998,67.473999,68.269997,68.269997,21610000
346,2016-11-21,37.007999,37.778,36.882,36.903999,36.903999,21805000
918,2019-03-05,56.400002,56.799999,54.02,55.307999,55.307999,93823500
1226,2020-05-22,164.434006,166.356003,162.399994,163.376007,163.376007,49937500
840,2018-11-07,68.667999,70.236,68.160004,69.632004,69.632004,36872500
106,2015-12-09,45.34,45.5,44.144001,44.903999,44.903999,15289000
1047,2019-09-06,45.439999,45.928001,45.034,45.490002,45.490002,20947000
678,2018-03-20,62.973999,63.25,61.751999,62.110001,62.110001,23821500
838,2018-11-05,68.099998,68.792,66.028,68.279999,68.279999,39155000
400,2017-02-09,53.25,54.236,53.23,53.84,53.84,39101000
620,2017-12-22,65.902,66.183998,64.963997,65.040001,65.040001,21079000
1060,2019-09-25,44.911999,45.796001,43.672001,45.740002,45.740002,47135500
157,2016-02-24,34.549999,35.900002,33.568001,35.799999,35.799999,26978000
1086,2019-10-31,62.619999,63.799999,62.599998,62.984001,62.984001,25335000
743,2018-06-21,72.400002,73.241997,69.253998,69.501999,69.501999,39835500
455,2017-05-01,62.976002,65.449997,62.962002,64.566002,64.566002,44148000
173,2016-03-17,44.293999,45.700001,44.0,45.276001,45.276001,18914500
55,2015-09-28,51.470001,51.958,49.321999,49.686001,49.686001,24505500
1142,2020-01-23,112.849998,116.400002,111.120003,114.440002,114.440002,98255000
161,2016-03-01,38.849998,39.189999,36.540001,37.27,37.27,33561000
559,2017-09-27,69.980003,70.297997,68.099998,68.194,68.194,30301500
598,2017-11-21,62.172001,63.646,61.742001,63.562,63.562,36306500
614,2017-12-14,68.202003,69.487999,67.379997,67.578003,67.578003,28999500
631,2018-01-10,66.440002,67.400002,66.0,66.959999,66.959999,21549500
1252,2020-06-30,201.300003,217.537994,200.746002,215.962006,215.962006,84592500
718,2018-05-16,56.765999,57.762001,56.312,57.296001,57.296001,28370000
596,2017-11-17,65.134003,65.334,62.630001,63.009998,63.009998,68675500
255,2016-07-14,44.624001,44.987999,44.209999,44.306,44.306,13379000
704,2018-04-26,55.75,57.158001,55.299999,57.096001,57.096001,21780000
167,2016-03-09,40.903999,41.874001,40.557999,41.743999,41.743999,16043000
861,2018-12-10,72.0,73.195999,70.624001,73.029999,73.029999,33067500
83,2015-11-05,46.116001,46.916,45.838001,46.354,46.354,22484000
703,2018-04-25,56.700001,57.032001,55.450001,56.138,56.138,20068000
815,2018-10-03,60.666,60.919998,58.313999,58.959999,58.959999,39975000
771,2018-08-01,59.598,60.599998,58.599998,60.167999,60.167999,50647000
834,2018-10-30,65.678001,67.580002,64.452003,65.980003,65.980003,45633500
163,2016-03-03,37.655998,39.484001,36.844002,39.147999,39.147999,24145000
66,2015-10-13,42.655998,44.504002,42.226002,43.849998,43.849998,25857500
917,2019-03-04,59.624001,59.799999,56.556,57.071999,57.071999,85484000
579,2017-10-25,67.339996,67.5,64.711998,65.167999,65.167999,42970500
0,2015-07-10,52.444,52.599998,51.563999,51.830002,51.830002,13054500
728,2018-05-31,57.442001,58.074001,56.585999,56.945999,56.945999,29598500
306,2016-09-26,41.299999,42.200001,41.299999,41.798,41.798,11972000
685,2018-03-29,51.298,54.192001,49.641998,53.226002,53.226002,75853500
649,2018-02-06,65.042,67.244003,64.699997,66.793999,66.793999,25442000
837,2018-11-02,68.748001,69.839996,68.181999,69.281998,69.281998,39040000
841,2018-11-08,69.699997,71.515999,69.688004,70.279999,70.279999,35453500
276,2016-08-12,45.082001,45.330002,44.807999,45.122002,45.122002,9067500
473,2017-05-25,62.203999,63.394001,61.562,63.366001,63.366001,25070000
575,2017-10-19,71.112,71.43,69.639999,70.362,70.362,25309000
825,2018-10-17,56.48,56.540001,53.16,54.355999,54.355999,43277500
317,2016-10-11,40.369999,40.439999,39.661999,40.02,40.02,11642000
61,2015-10-06,48.0,48.605999,47.116001,48.292,48.292,26126000
883,2019-01-11,68.417999,69.681999,67.753998,69.452003,69.452003,25195500
1038,2019-08-23,43.993999,44.234001,42.200001,42.279999,42.279999,42693000
307,2016-09-27,41.93,41.995998,40.922001,41.161999,41.161999,16866000
319,2016-10-13,40.099998,40.18,39.41,40.048,40.048,12473000
1217,2020-05-11,158.102005,164.800003,157.0,162.257996,162.257996,82598000
223,2016-05-27,44.998001,45.186001,44.150002,44.608002,44.608002,18251500
331,2016-10-31,40.498001,40.498001,39.161999,39.546001,39.546001,23461500
164,2016-03-04,39.599998,40.806,39.5,40.208,40.208,32445500
886,2019-01-16,68.956001,70.400002,68.699997,69.209999,69.209999,23458500
1079,2019-10-22,50.863998,51.666,50.169998,51.116001,51.116001,23004000
607,2017-12-05,60.400002,61.599998,60.200001,60.740002,60.740002,23232500
196,2016-04-20,49.251999,50.731998,48.299999,49.993999,49.993999,25970500
686,2018-04-02,51.251999,52.066002,48.917999,50.495998,50.495998,80570000
805,2018-09-19,56.102001,60.0,56.099998,59.804001,59.804001,41474500
1016,2019-07-24,51.834,53.214001,51.632,52.976002,52.976002,55364000
1065,2019-10-02,48.658001,48.93,47.886002,48.625999,48.625999,28157000
1104,2019-11-26,67.054001,67.099998,65.419998,65.783997,65.783997,39737000
269,2016-08-03,45.473999,45.939999,44.841999,45.158001,45.158001,19439000
661,2018-02-23,69.566002,70.998001,69.419998,70.410004,70.410004,29087000
1251,2020-06-29,193.802002,202.0,189.703995,201.869995,201.869995,45132000
1003,2019-07-05,46.914001,47.09,46.16,46.619999,46.619999,35328500
644,2018-01-30,69.028,69.653999,68.433998,69.164001,69.164001,23588500
1028,2019-08-09,47.209999,47.792,46.762001,47.001999,47.001999,19491000
394,2017-02-01,50.610001,50.639999,49.810001,49.848,49.848,19794000
233,2016-06-13,43.900002,45.153999,43.532001,43.574001,43.574001,20965000
1229,2020-05-28,162.701996,164.949997,160.337997,161.162003,161.162003,36278000
457,2017-05-03,63.534,64.306,62.09,62.203999,62.203999,35667000
945,2019-04-11,53.66,54.099998,53.119999,53.683998,53.683998,49179500
103,2015-12-04,46.492001,46.653999,45.532001,46.076,46.076,12868000
363,2016-12-15,39.681999,40.147999,39.478001,39.515999,39.515999,16098000
959,2019-05-02,49.104,49.425999,47.543999,48.82,48.82,90796500
871,2018-12-24,62.700001,62.900002,59.040001,59.077999,59.077999,27799500
954,2019-04-25,51.0,51.799999,49.214001,49.526001,49.526001,109247000
924,2019-03-13,56.779999,58.397999,56.540001,57.792,57.792,34223500
95,2015-11-23,43.470001,43.835999,42.936001,43.549999,43.549999,12631000
527,2017-08-11,71.393997,72.251999,70.723999,71.573997,71.573997,21829000
1150,2020-02-04,176.591995,193.798004,166.776001,177.412003,177.412003,304694000
733,2018-06-07,63.23,66.0,62.716,63.217999,63.217999,71726500
951,2019-04-22,53.799999,53.936001,52.495998,52.549999,52.549999,60735500
727,2018-05-30,56.658001,59.001999,56.32,58.344002,58.344002,37448500
1133,2020-01-09,99.419998,99.760002,94.573997,96.267998,96.267998,142202000
7,2015-07-21,54.009998,54.700001,53.310001,53.354,53.354,30543500
1022,2019-08-01,48.529999,48.902,46.354,46.77,46.77,41297500
32,2015-08-25,46.104,46.18,43.824001,44.006001,44.006001,21636500
1119,2019-12-18,76.125999,79.043999,76.115997,78.629997,78.629997,70605000
735,2018-06-11,64.501999,66.931999,64.5,66.419998,66.419998,65917500
1192,2020-04-03,101.900002,103.098,93.678001,96.001999,96.001999,112810500
626,2018-01-03,64.199997,65.050003,63.110001,63.450001,63.450001,22607500
1025,2019-08-06,46.375999,46.5,45.150002,46.150002,46.150002,27821000
117,2015-12-24,46.112,46.375999,45.655998,46.113998,46.113998,3540000
903,2019-02-11,62.32,63.720001,62.099998,62.568001,62.568001,35648500
37,2015-09-01,48.068001,49.200001,47.394001,47.726002,47.726002,27274000
729,2018-06-01,57.172001,58.389999,56.768002,58.363998,58.363998,27122000
549,2017-09-13,72.764,73.613998,71.917999,73.246002,73.246002,20926000
160,2016-02-29,38.48,39.27,37.844002,38.386002,38.386002,22495000
756,2018-07-11,63.16,64.388,63.014,63.792,63.792,24420500
816,2018-10-04,58.790001,58.799999,55.534,56.366001,56.366001,49071000
1136,2020-01-14,108.851997,109.482002,104.980003,107.584,107.584,144981000
884,2019-01-14,68.475998,68.5,66.800003,66.879997,66.879997,26236500
820,2018-10-10,52.922001,53.102001,49.554001,51.375999,51.375999,64076500
324,2016-10-20,40.424,40.599998,39.41,39.82,39.82,25364500
459,2017-05-05,59.599998,61.709999,59.360001,61.669998,61.669998,40886500
198,2016-04-22,49.778,50.799999,49.141998,50.75,50.75,18931500
1110,2019-12-05,66.566002,66.884003,65.449997,66.073997,66.073997,18623000
1058,2019-09-23,48.0,49.035999,47.844002,48.245998,48.245998,21701000
651,2018-02-08,68.662003,69.723999,62.919998,63.046001,63.046001,51573000
393,2017-01-31,49.848,51.178001,49.540001,50.386002,50.386002,20580500
926,2019-03-15,56.702,56.743999,54.880001,55.085999,55.085999,73927500
1212,2020-05-04,140.199997,152.399994,139.600006,152.238007,152.238007,96185500
721,2018-05-21,56.265999,58.298,56.259998,56.897999,56.897999,45913000
102,2015-12-03,47.096001,47.490002,46.0,46.542,46.542,14698000
637,2018-01-19,69.0,70.117996,68.519997,70.003998,70.003998,24441500
937,2019-04-01,56.523998,57.84,56.256001,57.835999,57.835999,40552000
180,2016-03-29,45.978001,46.476002,45.066002,46.026001,46.026001,20071500
898,2019-02-04,62.596001,63.060001,60.375999,62.577999,62.577999,36760500
879,2019-01-07,64.344002,67.348,63.549999,66.991997,66.991997,37756000
1185,2020-03-25,109.050003,111.400002,102.222,107.849998,107.849998,106113500
1143,2020-01-24,114.125999,114.772003,110.851997,112.963997,112.963997,71768000
882,2019-01-10,66.879997,69.078003,66.358002,68.994003,68.994003,30282000
456,2017-05-02,64.800003,65.531998,63.312,63.778,63.778,26914000
949,2019-04-17,54.950001,54.958,53.708,54.245998,54.245998,25632500
94,2015-11-20,44.698002,45.0,42.716,44.001999,44.001999,22003500
550,2017-09-14,72.865997,75.592003,72.526001,75.528,75.528,36012500
889,2019-01-22,60.964001,61.599998,59.099998,59.784,59.784,60333500
108,2015-12-11,45.048,45.150002,43.327999,43.403999,43.403999,16343500
1066,2019-10-03,46.372002,46.896,44.855999,46.605999,46.605999,75422500
824,2018-10-16,53.139999,55.476002,52.448002,55.318001,55.318001,47632000
154,2016-02-19,32.731998,33.498001,32.5,33.316002,33.316002,14797000
262,2016-07-25,44.453999,46.278,44.273998,46.001999,46.001999,22453500
538,2017-08-28,69.456001,69.470001,67.944,69.132004,69.132004,18820000
874,2018-12-28,64.620003,67.248001,63.681999,66.774002,66.774002,49695000
836,2018-11-01,67.652,69.568001,66.945999,68.856003,68.856003,40000500
749,2018-06-29,70.666,70.772003,68.482002,68.589996,68.589996,32462000
1149,2020-02-03,134.738007,157.227997,134.703995,156.0,156.0,235325000
519,2017-08-01,64.599998,64.889999,63.226002,63.914001,63.914001,41515500
1029,2019-08-12,46.598,47.153999,45.75,45.801998,45.801998,23319500
989,2019-06-14,42.25,43.330002,42.080002,42.984001,42.984001,37167000
131,2016-01-15,39.793999,41.014,39.450001,40.998001,40.998001,27893000
846,2018-11-15,68.466003,69.716003,67.807999,69.688004,69.688004,23128500
312,2016-10-04,42.619999,42.664001,41.764,42.282001,42.282001,17707500
543,2017-09-05,70.760002,71.098,69.178001,69.917999,69.917999,19175500
992,2019-06-19,45.021999,45.554001,44.212002,45.285999,45.285999,32875500
679,2018-03-21,62.049999,64.487999,62.037998,63.306,63.306,29792000
1063,2019-09-30,48.599998,48.796001,47.222,48.174,48.174,29399000
984,2019-06-07,41.0,42.167999,40.700001,40.900002,40.900002,80017500
690,2018-04-06,60.200001,61.855999,59.099998,59.860001,59.860001,67601500
261,2016-07-22,44.397999,44.900002,43.776001,44.453999,44.453999,12898500
979,2019-05-31,37.02,37.984001,36.82,37.032001,37.032001,52033500
512,2017-07-21,65.891998,66.251999,65.160004,65.68,65.68,24508000
425,2017-03-17,52.799999,53.066002,52.240002,52.299999,52.299999,32487500
518,2017-07-31,67.099998,68.297997,64.208,64.694,64.694,42675500
965,2019-05-10,47.950001,48.397999,47.203999,47.903999,47.903999,35041500
869,2018-12-20,65.410004,66.057999,62.374001,63.076,63.076,45359500
300,2016-09-16,40.084,41.139999,39.799999,41.080002,41.080002,15539000
1239,2020-06-11,198.039993,203.792007,194.399994,194.567993,194.567993,79582500
944,2019-04-10,55.348,55.675999,54.577999,55.212002,55.212002,35306500
717,2018-05-15,57.001999,57.391998,56.099998,56.835999,56.835999,47596000
1224,2020-05-20,164.100006,165.199997,162.360001,163.112,163.112,36546500
1250,2020-06-26,198.955994,199.0,190.973999,191.947998,191.947998,44274500
670,2018-03-08,66.571999,66.660004,65.253998,65.82,65.82,17831000
981,2019-06-04,36.220001,38.796001,35.922001,38.720001,38.720001,69037500
25,2015-08-14,49.448002,49.585999,48.354,48.630001,48.630001,21824000
540,2017-08-30,69.933998,70.694,69.400002,70.636002,70.636002,17064500
78,2015-10-29,42.349998,42.75,42.127998,42.326,42.326,9025000
408,2017-02-22,56.062,56.689999,54.52,54.702,54.702,43775000
792,2018-08-30,60.452,60.919998,59.543999,60.630001,60.630001,36083500
782,2018-08-16,67.982002,68.456001,66.764,67.089996,67.089996,30320000
1175,2020-03-11,128.039993,130.716003,122.599998,126.846001,126.846001,66612500
1108,2019-12-03,66.524002,67.582001,66.438004,67.239998,67.239998,32868500
1163,2020-02-24,167.800003,172.699997,164.440002,166.757996,166.757996,75961000
217,2016-05-19,42.723999,43.358002,41.459999,43.042,43.042,34331500
1179,2020-03-17,88.001999,94.370003,79.199997,86.040001,86.040001,119973000
1245,2020-06-19,202.556,203.194,198.268005,200.179993,200.179993,43398500
26,2015-08-17,51.112,51.318001,50.102001,50.998001,50.998001,35883500
982,2019-06-05,39.736,40.256001,38.369999,39.318001,39.318001,67554000
171,2016-03-15,42.854,43.793999,42.299999,43.667999,43.667999,15902500
1186,2020-03-26,109.477997,112.0,102.449997,105.632004,105.632004,86903500
1061,2019-09-26,46.132,48.661999,45.48,48.512001,48.512001,59422500
79,2015-10-30,42.080002,42.326,40.778,41.386002,41.386002,22194500
165,2016-03-07,39.535999,41.939999,39.48,41.057999,41.057999,26647000
415,2017-03-03,50.147999,50.380001,49.799999,50.313999,50.313999,14597000
115,2015-12-22,46.998001,47.310001,45.925999,45.990002,45.990002,9807500
437,2017-04-04,59.377998,60.962002,58.905998,60.740002,60.740002,50673000
1188,2020-03-30,102.052002,103.330002,98.246002,100.426003,100.426003,59990500
472,2017-05-24,61.301998,62.200001,61.080002,62.043999,62.043999,25166500
1077,2019-10-18,52.139999,52.560001,51.02,51.389999,51.389999,28749000
1231,2020-06-01,171.600006,179.800003,170.820007,179.619995,179.619995,74697500
129,2016-01-13,42.402,42.529999,40.0,40.062,40.062,20632000
919,2019-03-06,55.296001,56.301998,54.877998,55.248001,55.248001,51677500
1196,2020-04-09,112.417999,115.036003,111.421997,114.599998,114.599998,68250000
566,2017-10-06,70.620003,72.019997,70.449997,71.375999,71.375999,21487500
406,2017-02-17,53.16,54.577999,52.830002,54.445999,54.445999,31285500
1236,2020-06-08,183.800003,190.0,181.832001,189.983994,189.983994,70873500
416,2017-03-06,49.582001,50.34,49.501999,50.242001,50.242001,16777500
963,2019-05-08,49.388,50.119999,48.84,48.967999,48.967999,30882000
996,2019-06-25,44.877998,45.068001,43.897999,43.952,43.952,30910500
619,2017-12-21,65.917999,66.748001,65.442001,66.332001,66.332001,21926000
332,2016-11-01,39.608002,39.700001,37.622002,38.158001,38.158001,35300000
1257,2020-07-08,281.0,283.451996,262.268005,273.175995,273.175995,81556500
12,2015-07-28,51.150002,53.080002,50.368,52.964001,52.964001,19479000
147,2016-02-09,28.464001,31.958,28.209999,29.65,29.65,43258000
212,2016-05-12,42.287998,42.334,40.731998,41.456001,41.456001,18252500
211,2016-05-11,41.518002,43.096001,41.209999,41.792,41.792,25809500
1015,2019-07-23,51.341999,52.096001,50.900002,52.034,52.034,25115500
876,2019-01-02,61.220001,63.026001,59.759998,62.023998,62.023998,58293000
1011,2019-07-17,51.133999,51.661999,50.669998,50.972,50.972,48823500
1,2015-07-13,52.450001,52.509998,51.209999,52.431999,52.431999,14801500
1200,2020-04-16,143.388,151.889999,141.343994,149.042007,149.042007,103289500
635,2018-01-17,68.094002,69.800003,67.949997,69.431999,69.431999,35517500
497,2017-06-29,74.122002,74.199997,70.82,72.150002,72.150002,41105000
934,2019-03-27,53.75,55.074001,53.636002,54.966,54.966,43896000
378,2017-01-09,45.793999,46.383999,45.599998,46.256001,46.256001,19897500
136,2016-01-25,40.012001,40.714001,39.175999,39.276001,39.276001,13493500
689,2018-04-05,57.868,61.251999,57.639999,61.144001,61.144001,95605500
314,2016-10-06,40.492001,40.841999,40.042,40.200001,40.200001,23517000
510,2017-07-19,65.646004,66.330002,64.643997,65.052002,65.052002,31785000
309,2016-09-29,41.119999,41.466,40.116001,40.139999,40.139999,13635000
195,2016-04-19,50.624001,50.874001,48.25,49.473999,49.473999,31787500
268,2016-08-02,45.874001,45.973999,44.279999,45.439999,45.439999,19672000
969,2019-05-16,45.897999,46.200001,45.299999,45.666,45.666,37416500
715,2018-05-11,61.540001,61.776001,59.816002,60.212002,60.212002,23398000
463,2017-05-11,64.68,65.199997,63.919998,64.620003,64.620003,23769000
1062,2019-09-27,48.439999,49.742001,47.745998,48.425999,48.425999,55582000
1059,2019-09-24,48.304001,48.397999,44.521999,44.641998,44.641998,64457500
469,2017-05-19,63.099998,63.299999,62.040001,62.166,62.166,23438000
20,2015-08-07,48.716,48.745998,47.678001,48.501999,48.501999,25367000
1248,2020-06-24,198.822006,200.175995,190.628006,192.169998,192.169998,54798000
474,2017-05-26,63.456001,65.098,63.262001,65.028,65.028,39011000
210,2016-05-10,41.509998,41.894001,41.0,41.737999,41.737999,20353000
796,2018-09-06,56.959999,58.234001,55.776001,56.189999,56.189999,37404000
216,2016-05-18,41.830002,43.062,41.549999,42.234001,42.234001,28087500
1235,2020-06-05,175.567993,177.304001,173.240005,177.132004,177.132004,39059500
1093,2019-11-11,68.790001,69.837997,68.400002,69.017998,69.017998,49933500
829,2018-10-23,52.773998,59.585999,52.419998,58.827999,58.827999,95139000
391,2017-01-27,50.276001,50.599998,49.703999,50.59,50.59,15831500
468,2017-05-18,61.400002,62.787998,61.062,62.612,62.612,28269000
580,2017-10-26,65.556,66.045998,64.639999,65.234001,65.234001,25117500
245,2016-06-29,41.026001,42.355999,40.599998,42.037998,42.037998,29974500
1242,2020-06-16,202.369995,202.576004,192.477997,196.425995,196.425995,70255500
13,2015-07-29,52.854,53.577999,52.400002,52.764,52.764,13950500
1210,2020-04-30,171.037994,173.964005,152.699997,156.376007,156.376007,142359500
554,2017-09-20,74.599998,75.650002,74.213997,74.781998,74.781998,24595500
259,2016-07-20,45.293999,45.959999,45.0,45.672001,45.672001,12842500
14,2015-07-30,52.537998,53.388,52.422001,53.358002,53.358002,10173000
411,2017-02-27,49.633999,49.672001,48.402,49.245998,49.245998,57304000
192,2016-04-14,50.599998,51.368,50.209999,50.372002,50.372002,20661000
239,2016-06-21,44.136002,44.514,43.762001,43.922001,43.922001,22645000
724,2018-05-24,55.68,56.222,54.978001,55.57,55.57,20883500
700,2018-04-20,59.034,59.995998,57.950001,58.048,58.048,28139500
188,2016-04-08,52.099998,52.164001,49.604,50.014,50.014,36819500
577,2017-10-23,69.975998,69.989998,67.25,67.403999,67.403999,28736500
1034,2019-08-19,44.841999,45.566002,44.34,45.366001,45.366001,26548000
127,2016-01-11,42.801998,42.889999,40.599998,41.57,41.57,20457000
590,2017-11-09,60.5,60.891998,59.259998,60.598,60.598,27235500
172,2016-03-16,43.599998,44.515999,43.403999,44.386002,44.386002,17583500
1081,2019-10-24,59.674,60.986,57.84,59.936001,59.936001,148604500
389,2017-01-25,51.462002,51.692001,50.360001,50.894001,50.894001,25713000
221,2016-05-25,43.582001,44.271999,43.301998,43.916,43.916,15634000
46,2015-09-15,50.549999,50.919998,49.900002,50.714001,50.714001,14667500
950,2019-04-18,54.245998,54.967999,53.950001,54.652,54.652,29381500
1042,2019-08-29,43.799999,44.68,43.599998,44.341999,44.341999,25897500
806,2018-09-20,60.712002,61.195999,58.666,59.666,59.666,36747000
1054,2019-09-17,48.493999,49.119999,48.074001,48.958,48.958,19327000
582,2017-10-30,63.835999,64.755997,63.450001,64.015999,64.015999,21272000
499,2017-07-03,74.047997,74.269997,70.300003,70.524002,70.524002,31527000
1000,2019-07-01,46.042,46.619999,45.256001,45.433998,45.433998,41067000
36,2015-08-31,49.124001,50.990002,49.102001,49.812,49.812,23501000
1024,2019-08-05,45.919998,46.273998,45.155998,45.664001,45.664001,35141500
1083,2019-10-28,65.508003,68.167999,64.519997,65.542,65.542,94351500
897,2019-02-01,61.084,63.220001,60.700001,62.442001,62.442001,36417000
238,2016-06-20,43.900002,44.75,43.646,43.939999,43.939999,17777500
182,2016-03-31,45.868,47.484001,45.001999,45.953999,45.953999,40064500
835,2018-10-31,66.508003,68.400002,65.82,67.463997,67.463997,38121500
280,2016-08-18,44.764,45.132,44.458,44.702,44.702,8572500
823,2018-10-15,51.812,52.655998,50.908001,51.917999,51.917999,31000000
464,2017-05-12,65.096001,65.400002,64.306,64.961998,64.961998,20608000
1247,2020-06-23,199.776001,202.399994,198.802002,200.356003,200.356003,31826500
433,2017-03-29,55.667999,55.919998,55.108002,55.476002,55.476002,18381000
902,2019-02-08,61.366001,61.490002,59.700001,61.16,61.16,29221000
691,2018-04-09,60.074001,61.900002,57.841999,57.931999,57.931999,51249000
860,2018-12-07,73.800003,75.898003,71.529999,71.594002,71.594002,57556000
479,2017-06-05,67.699997,69.688004,66.842003,69.463997,69.463997,33922000
1032,2019-08-15,44.172001,44.312,42.310001,43.127998,43.127998,40798000
193,2016-04-15,50.262001,50.919998,49.824001,50.902,50.902,18762000
247,2016-07-01,41.228001,43.647999,41.200001,43.299999,43.299999,27000000
174,2016-03-18,45.82,46.896,45.612,46.548,46.548,23559000
1137,2020-01-15,105.952003,107.568001,103.358002,103.699997,103.699997,86844000
367,2016-12-21,41.689999,42.445999,41.481998,41.540001,41.540001,26038000
870,2018-12-21,63.48,64.694,62.487999,63.953999,63.953999,40084000
374,2017-01-03,42.972,44.066002,42.192001,43.397999,43.397999,29616500
149,2016-02-11,30.4,32.652,29.4,30.094,30.094,71262000
139,2016-01-28,38.158001,38.256001,36.481998,37.939999,37.939999,22964000
1055,2019-09-18,49.0,49.633999,48.473999,48.698002,48.698002,20851000
232,2016-06-10,45.478001,45.594002,43.683998,43.757999,43.757999,30133000
388,2017-01-24,50.0,50.959999,49.93,50.922001,50.922001,24827500
817,2018-10-05,54.93,54.976002,52.0,52.389999,52.389999,89722500
1135,2020-01-13,98.699997,105.125999,98.400002,104.972,104.972,132588000
320,2016-10-14,40.132,40.285999,39.259998,39.301998,39.301998,21349500
587,2017-11-06,61.400002,61.5,59.801998,60.556,60.556,32430000
847,2018-11-16,69.038002,71.139999,69.024002,70.862,70.862,36031000
784,2018-08-20,58.34,61.700001,57.639999,61.688,61.688,87011500
465,2017-05-15,63.675999,64.040001,62.506001,63.175999,63.175999,38110000
811,2018-09-27,62.580002,62.992001,61.382,61.504002,61.504002,42545500
645,2018-01-31,69.501999,71.237999,69.038002,70.862,70.862,31070500
1141,2020-01-22,114.377998,118.900002,111.82,113.912003,113.912003,156845000
296,2016-09-12,39.0,40.273998,38.82,39.66,39.66,18576000
925,2019-03-14,58.490002,59.077999,57.658001,57.992001,57.992001,35517000
1027,2019-08-08,46.889999,47.959999,46.529999,47.66,47.66,26371500
641,2018-01-25,69.653999,69.839996,67.279999,67.528,67.528,33701500
1082,2019-10-25,59.543999,66.0,59.222,65.625999,65.625999,150030500
928,2019-03-19,53.5,54.66,52.692001,53.493999,53.493999,59003000
1099,2019-11-19,70.349998,71.998001,69.559998,71.903999,71.903999,38624000
1213,2020-05-05,157.957993,159.783997,152.436005,153.641998,153.641998,84958500
50,2015-09-21,52.796001,54.313999,51.16,52.84,52.84,30601000
1120,2019-12-19,79.463997,81.370003,79.300003,80.807999,80.807999,90535500
257,2016-07-18,43.928001,45.417999,43.66,45.25,45.25,17060500
1219,2020-05-13,164.166,165.199997,152.660004,158.192001,158.192001,95327500
308,2016-09-28,41.501999,41.650002,41.051998,41.254002,41.254002,10442000
818,2018-10-08,52.903999,53.551998,49.799999,50.112,50.112,67363500
35,2015-08-28,48.372002,50.290001,48.313999,49.695999,49.695999,27568500
70,2015-10-19,45.299999,46.23,44.987999,45.619999,45.619999,12539500
789,2018-08-27,63.599998,64.487999,61.762001,63.854,63.854,65396500
500,2017-07-05,69.440002,69.447998,65.265999,65.417999,65.417999,85233500
453,2017-04-27,62.338001,62.618,61.5,61.726002,61.726002,17343000
730,2018-06-04,58.868,59.799999,58.709999,59.348,59.348,23989000
624,2017-12-29,63.236,63.282001,62.0,62.27,62.27,18886000
548,2017-09-12,72.898003,73.751999,72.080002,72.550003,72.550003,29864500
696,2018-04-16,59.799999,59.931999,57.801998,58.242001,58.242001,31692500
732,2018-06-06,60.099998,64.433998,59.495998,63.900002,63.900002,93836500
537,2017-08-25,70.848,71.138,69.459999,69.610001,69.610001,17420000
1001,2019-07-02,45.778,45.830002,44.444,44.91,44.91,46295000
1128,2020-01-02,84.900002,86.139999,84.342003,86.052002,86.052002,47660500
832,2018-10-26,61.650002,67.980003,61.330002,66.18,66.18,137127500
491,2017-06-21,74.870003,75.398003,73.603996,75.279999,75.279999,24616000
59,2015-10-02,47.119999,49.540001,46.986,49.514,49.514,22120000
647,2018-02-02,69.688004,70.389999,68.101997,68.75,68.75,18524000
677,2018-03-19,63.299999,64.150002,61.933998,62.712002,62.712002,37421500
971,2019-05-20,40.560001,41.200001,39.049999,41.071999,41.071999,102631000
145,2016-02-05,34.259998,34.599998,31.548,32.52,32.52,47188000
757,2018-07-12,64.286003,64.646004,62.554001,63.341999,63.341999,28606000
252,2016-07-11,43.992001,45.355999,43.902,44.956001,44.956001,27149000
1041,2019-08-28,42.737999,43.450001,42.462002,43.118,43.118,16127500
267,2016-08-01,47.099998,47.326,45.875999,46.001999,46.001999,20081500
625,2018-01-02,62.400002,64.421997,62.200001,64.106003,64.106003,21761000
1007,2019-07-11,47.627998,48.299999,47.16,47.720001,47.720001,37572000
901,2019-02-07,62.66,62.939999,60.599998,61.501999,61.501999,32603000
1101,2019-11-21,70.902,72.167999,70.800003,70.966003,70.966003,30550000
250,2016-07-07,42.619999,43.624001,42.602001,43.188,43.188,18060000
970,2019-05-17,44.391998,44.448002,41.784,42.206001,42.206001,88933500
1160,2020-02-19,184.699997,188.955994,180.203995,183.483994,183.483994,127115000
553,2017-09-19,76.0,76.477997,74.713997,75.019997,75.019997,32259500
906,2019-02-14,60.675999,61.354,60.200001,60.754002,60.754002,26004000
558,2017-09-26,70.185997,70.248001,68.18,69.050003,69.050003,35781500
1241,2020-06-15,183.557999,199.768005,181.699997,198.179993,198.179993,78486000
828,2018-10-22,52.136002,52.372002,50.518002,52.189999,52.189999,28001500
777,2018-08-09,73.110001,73.402,69.146004,70.489998,70.489998,85919000
396,2017-02-03,50.382,50.436001,49.936001,50.265999,50.265999,10933500
445,2017-04-17,60.540001,60.799999,59.736,60.287998,60.287998,20693500
1112,2019-12-09,67.318001,68.889999,67.015999,67.905998,67.905998,45115500
49,2015-09-18,51.591999,52.764,51.5,52.124001,52.124001,18815500
1194,2020-04-07,109.0,113.0,106.468002,109.089996,109.089996,89599000
650,2018-02-07,67.797997,69.199997,67.132004,69.0,69.0,34846000
1222,2020-05-18,165.556,166.944,160.776001,162.725998,162.725998,58329000
370,2016-12-27,42.976002,44.450001,42.883999,43.905998,43.905998,29578500
1140,2020-01-21,106.050003,109.716003,105.681999,109.440002,109.440002,89017500
868,2018-12-19,67.519997,69.402,65.947998,66.594002,66.594002,41371000
291,2016-09-02,40.466,40.639999,39.240002,39.556,39.556,29887000
505,2017-07-12,66.080002,66.620003,64.900002,65.903999,65.903999,51730500
642,2018-01-26,68.300003,68.800003,67.141998,68.57,68.57,22697000
1199,2020-04-15,148.399994,150.626007,142.0,145.966003,145.966003,117885000
595,2017-11-16,62.798,63.627998,62.259998,62.5,62.5,29110500
397,2017-02-06,50.200001,51.563999,50.125999,51.554001,51.554001,17812500
604,2017-11-30,61.712002,62.139999,60.908001,61.77,61.77,21758000
844,2018-11-13,66.632004,68.940002,66.440002,67.746002,67.746002,27243000
1154,2020-02-10,160.0,163.998001,150.479996,154.255997,154.255997,123446000
872,2018-12-26,60.0,65.393997,58.818001,65.218002,65.218002,40815500
850,2018-11-21,70.400002,70.620003,67.480003,67.638,67.638,23434000
337,2016-11-08,38.757999,39.498001,38.251999,38.987999,38.987999,16338000
877,2019-01-03,61.400002,61.880001,59.476002,60.071999,60.071999,34826000
15,2015-07-31,53.52,53.872002,53.023998,53.23,53.23,11113000
658,2018-02-20,66.893997,68.167999,66.300003,66.954002,66.954002,20047000
1233,2020-06-03,177.623993,179.587997,176.020004,176.591995,176.591995,39747500
6,2015-07-20,55.0,57.330002,54.507999,56.452,56.452,24892500
4,2015-07-16,52.844002,53.439999,52.632,53.335999,53.335999,8080000
791,2018-08-29,62.054001,62.369999,60.737999,61.001999,61.001999,37237000
429,2017-03-23,51.077999,51.534,50.66,50.956001,50.956001,16601000
441,2017-04-10,61.830002,62.745998,61.742001,62.478001,62.478001,38322500
657,2018-02-16,66.5,68.624001,66.328003,67.098,67.098,28213000
119,2015-12-29,46.012001,47.543999,45.91,47.438,47.438,12031500
710,2018-05-04,56.599998,59.372002,55.903999,58.818001,58.818001,42847000
615,2017-12-15,68.407997,68.779999,67.152,68.690002,68.690002,34666000
34,2015-08-27,46.200001,48.950001,46.161999,48.598,48.598,38280000
671,2018-03-09,64.82,65.697998,64.473999,65.433998,65.433998,27534000
151,2016-02-16,31.74,32.59,30.822001,31.034,31.034,27969000
1176,2020-03-12,116.178001,118.900002,109.25,112.110001,112.110001,94545500
444,2017-04-13,59.34,61.478001,59.060001,60.799999,60.799999,46423000
53,2015-09-24,51.905998,52.689999,51.242001,52.624001,52.624001,17241000
301,2016-09-19,41.400002,41.886002,41.0,41.268002,41.268002,11497500
957,2019-04-30,48.411999,48.841999,47.400002,47.737999,47.737999,47323000
343,2016-11-16,36.529999,36.945999,36.242001,36.785999,36.785999,17172000
673,2018-03-13,65.722,69.442001,65.300003,68.367996,68.367996,29829000
168,2016-03-10,42.0,42.658001,40.133999,41.035999,41.035999,25962500
687,2018-04-03,53.964001,54.669998,50.897999,53.506001,53.506001,94222000
202,2016-04-28,49.970001,50.686001,49.487999,49.542,49.542,12595000
1125,2019-12-27,87.0,87.061996,85.222,86.075996,86.075996,49728500
122,2016-01-04,46.144001,46.276001,43.799999,44.681999,44.681999,34135500
940,2019-04-04,52.377998,54.240002,52.118,53.556,53.556,118603500
1244,2020-06-18,200.600006,203.839996,198.893997,200.792007,200.792007,48759500
565,2017-10-05,71.199997,71.487999,70.269997,71.066002,71.066002,20858500
978,2019-05-30,37.75,38.452,37.403999,37.644001,37.644001,39632500
1064,2019-10-01,48.299999,49.189999,47.826,48.938,48.938,30813000
648,2018-02-05,67.594002,68.893997,66.599998,66.625999,66.625999,22320500
856,2018-11-30,68.365997,70.32,67.652,70.096001,70.096001,28145500
365,2016-12-19,40.498001,40.889999,39.967999,40.546001,40.546001,17440500
481,2017-06-07,71.267998,72.099998,71.028,71.93,71.93,46990000
344,2016-11-17,36.698002,37.897999,36.422001,37.731998,37.731998,24435500
387,2017-01-23,49.169998,50.178001,49.099998,49.784,49.784,31314500
563,2017-10-03,67.18,69.709999,66.255997,69.627998,69.627998,50768000
942,2019-04-08,55.537998,56.231998,54.088001,54.639999,54.639999,52052000
187,2016-04-07,53.290001,53.868,50.902,51.439999,51.439999,44281000
294,2016-09-08,39.91,39.978001,39.271999,39.472,39.472,16889500
241,2016-06-23,39.138,39.509998,38.425999,39.279999,39.279999,50653500
137,2016-01-26,39.34,39.563999,37.776001,38.712002,38.712002,24821000
1181,2020-03-19,74.940002,90.400002,71.692001,85.528,85.528,150977500
513,2017-07-24,66.047997,68.68,66.001999,68.503998,68.503998,43185500
318,2016-10-12,40.189999,40.776001,40.084,40.301998,40.301998,9853500
1132,2020-01-08,94.739998,99.697998,93.646004,98.428001,98.428001,155721500
754,2018-07-09,62.397999,63.703999,61.599998,63.702,63.702,37984000
197,2016-04-21,49.798,50.18,49.382,49.658001,49.658001,13915500
859,2018-12-06,71.202003,73.475998,70.152,72.612,72.612,39212500
215,2016-05-17,41.810001,41.964001,40.804001,40.931999,40.931999,14218000
150,2016-02-12,31.0,31.402,28.74,30.208,30.208,36179000
501,2017-07-06,63.452,64.157997,61.259998,61.765999,61.765999,96622500
621,2017-12-26,64.765999,64.788002,63.316002,63.458,63.458,21892000
737,2018-06-13,69.342003,69.440002,67.959999,68.956001,68.956001,47349000
962,2019-05-07,51.360001,51.442001,49.02,49.411999,49.411999,50657000
1006,2019-07-10,46.830002,47.787998,46.627998,47.784,47.784,45728500
656,2018-02-15,64.900002,66.823997,64.480003,66.814003,66.814003,29564500
1070,2019-10-09,48.264,49.459999,48.130001,48.905998,48.905998,34472000
141,2016-02-01,37.751999,39.903999,36.549999,39.388,39.388,26488000
462,2017-05-10,64.311996,65.099998,63.624001,65.043999,65.043999,28708000
742,2018-06-20,71.608002,72.875999,70.400002,72.444,72.444,41918500
91,2015-11-17,43.040001,43.200001,42.279999,42.799999,42.799999,10743500
418,2017-03-08,49.400002,50.014,49.063999,49.374001,49.374001,18626000
362,2016-12-14,39.748001,40.599998,39.352001,39.737999,39.737999,20754500
716,2018-05-14,60.664001,60.987999,58.324001,58.394001,58.394001,36434000
885,2019-01-15,67.0,69.760002,66.900002,68.886002,68.886002,30283000
1127,2019-12-31,81.0,84.258003,80.416,83.666,83.666,51428500
489,2017-06-19,75.0,75.339996,73.559998,73.959999,73.959999,32746500
976,2019-05-28,38.240002,39.0,37.57,37.740002,37.740002,51564500
368,2016-12-22,41.644001,41.998001,41.299999,41.689999,41.689999,15555500
1014,2019-07-22,51.75,52.43,50.838001,51.136002,51.136002,34212000
40,2015-09-04,48.178001,48.818001,47.639999,48.386002,48.386002,18446000
325,2016-10-21,39.720001,40.313999,39.481998,40.018002,40.018002,14717000
209,2016-05-09,43.144001,43.23,41.360001,41.784,41.784,23882000
1204,2020-04-22,140.796005,146.800003,137.742004,146.421997,146.421997,70827500
431,2017-03-27,52.119999,54.113998,51.950001,54.043999,54.043999,31154000
819,2018-10-09,51.049999,53.354,50.66,52.560001,52.560001,60303000
1174,2020-03-10,131.886002,133.600006,121.599998,129.065994,129.065994,77972000
555,2017-09-21,74.980003,75.365997,72.902,73.295998,73.295998,23091000
618,2017-12-20,66.538002,66.620003,65.008003,65.795998,65.795998,29769000
807,2018-09-21,59.540001,60.116001,59.074001,59.82,59.82,25252500
1195,2020-04-08,110.839996,111.442001,106.666,109.767998,109.767998,63280000
266,2016-07-29,46.139999,47.056,46.048,46.958,46.958,15354000
1238,2020-06-10,198.376007,205.496002,196.5,205.009995,205.009995,92817000
67,2015-10-14,44.133999,44.189999,43.085999,43.375999,43.375999,15522000
956,2019-04-29,47.172001,48.796001,46.433998,48.293999,48.293999,83572500
1005,2019-07-09,45.793999,46.200001,45.456001,46.012001,46.012001,30954000
56,2015-09-29,50.091999,50.945999,49.091999,49.330002,49.330002,18516000
19,2015-08-06,49.908001,51.0,47.223999,49.226002,49.226002,73119000
99,2015-11-30,46.358002,46.855999,45.816002,46.051998,46.051998,13299000
428,2017-03-22,50.312,51.014,50.102001,51.001999,51.001999,20296500
697,2018-04-17,57.773998,58.433998,56.501999,57.537998,57.537998,35000000
1095,2019-11-13,71.0,71.265999,69.036003,69.222,69.222,42100500
316,2016-10-10,40.27,40.827999,39.931999,40.189999,40.189999,16581500
529,2017-08-15,73.040001,73.098,71.874001,72.466003,72.466003,15425500
632,2018-01-11,67.047997,68.961998,66.652,67.589996,67.589996,33227500
760,2018-07-17,61.762001,64.947998,61.700001,64.538002,64.538002,34981000
1180,2020-03-18,77.800003,80.972,70.101997,72.244003,72.244003,118931000
1214,2020-05-06,155.300003,157.960007,152.222,156.516006,156.516006,55616000
1102,2019-11-22,68.031998,68.199997,66.0,66.608002,66.608002,84353000
763,2018-07-20,64.246002,64.648003,62.341999,62.716,62.716,25811000
2,2015-07-14,52.419998,53.198002,52.102001,53.130001,53.130001,9538000
1074,2019-10-15,51.540001,52.0,50.824001,51.577999,51.577999,32164000
1254,2020-07-02,244.296005,245.600006,237.119995,241.731995,241.731995,86250500
622,2017-12-27,63.200001,63.535999,62.150002,62.327999,62.327999,23560500
1106,2019-11-29,66.222,66.251999,65.5,65.987999,65.987999,12328000
404,2017-02-15,56.0,56.448002,55.287998,55.952,55.952,24739500
31,2015-08-24,40.557999,46.279999,39.0,43.773998,43.773998,47908000
92,2015-11-18,42.900002,44.276001,42.504002,44.214001,44.214001,14059500
361,2016-12-13,38.636002,40.256001,38.599998,39.630001,39.630001,34119500
1203,2020-04-21,146.024002,150.666,134.757996,137.343994,137.343994,101045500
348,2016-11-23,38.122002,39.127998,37.799999,38.627998,38.627998,24459500
442,2017-04-11,62.675999,62.694,61.099998,61.742001,61.742001,28623000
452,2017-04-26,62.473999,62.900002,61.799999,62.034,62.034,23475000
1148,2020-01-31,128.0,130.600006,126.503998,130.113998,130.113998,78596500
1084,2019-10-29,63.998001,64.860001,62.950001,63.243999,63.243999,63421500
999,2019-06-28,44.198002,45.034,44.16,44.692001,44.692001,34257000
758,2018-07-13,63.116001,63.916,61.849998,63.773998,63.773998,29349000
535,2017-08-23,67.797997,70.697998,67.660004,70.554001,70.554001,24772500
1256,2020-07-07,281.002014,285.899994,267.34201,277.971985,277.971985,107448500
311,2016-10-03,42.459999,43.133999,41.650002,42.740002,42.740002,29999500
562,2017-10-02,68.503998,68.739998,67.101997,68.306,68.306,26434000
797,2018-09-07,52.02,53.669998,50.450001,52.647999,52.647999,112459500
723,2018-05-23,55.551998,55.981998,54.799999,55.813999,55.813999,29925500
446,2017-04-18,59.939999,60.167999,59.580002,60.049999,60.049999,15178500
725,2018-05-25,55.526001,55.928001,55.122002,55.77,55.77,19375500
675,2018-03-15,65.875999,66.57,64.220001,65.120003,65.120003,32824000
560,2017-09-28,67.975998,68.550003,67.080002,67.919998,67.919998,26598000
987,2019-06-12,44.59,44.675999,41.799999,41.852001,41.852001,75987500
186,2016-04-06,50.793999,53.548,50.689999,53.084,53.084,58527500
249,2016-07-06,42.0,43.046001,41.799999,42.888,42.888,24599500
1109,2019-12-04,67.550003,67.571999,66.57,66.606003,66.606003,27665000
